<?xml version="1.0" encoding="UTF-8"?>
    <addon id="repository.kodistuff" name="Kodi Stuff" version="1.0" provider-name="luiselopez21">
        <requires>
            <import addon="xbmc.addon" version="12.0.0"/>
        </requires>
        <extension point="xbmc.addon.repository" name="Kodi Stuff">
            <info compressed="false">https://raw.githubusercontent.com/luiselopez21/kodistuff/master/_repo/addons.xml</info>
            <checksum>https://raw.githubusercontent.com/luiselopez21/kodistuff/master/_repo/addons.xml.md5</checksum>
            <datadir zip="true">https://raw.githubusercontent.com/luiselopez21/kodistuff/master/_repo/</datadir>
            <hashes>false</hashes>
        </extension>
        <extension point="xbmc.addon.metadata">
            <summary>Kodi stuff</summary>
            <description>Kodi stuff for personal use only.</description>
            <platform>all</platform>
		<assets>
			<icon>icon.png</icon>
			<fanart>fanart.jpg</fanart>
		</assets>
    </extension>
</addon>