<?xml version="1.0" encoding="UTF-8"?>
<window type="dialog">
	<defaultcontrol always="true">10</defaultcontrol>
	<coordinates>
		<system>1</system>
	</coordinates>
	<include>OpenClose</include>
	<controls>
		<include>DimBG</include>
		<control type="group" description="Content">
			<include>DialogOpenClose</include>
			<!-- Standard dialog background //-->
			<control type="image">
				<posx>300</posx>
				<posy>100</posy>
				<width>1220</width>
				<height>880</height>
				<texture border="50,0,50,0">dialogs/DialogBG.png</texture>
			</control>
			<!-- Heading label -->
			<control type="label">
				<description>header label</description>
				<posx>396</posx>
				<posy>145</posy>
				<width>1005</width>
				<label>$ADDON[pvr.mediaportal.tvserver 30100]</label>
				<textcolor>Orange</textcolor>
				<align>center</align>
				<font>InfoTitle</font>
			</control>

			<!-- Dialog specific controls //-->
			<control type="group">
				<posx>396</posx>
				<posy>220</posy>
				<control type="label" description="Program title" id="20">
					<posx>0</posx>
					<posy>0</posy>
					<width>1005</width>
					<height>36</height>
					<align>center</align>
					<aligny>center</aligny>
					<textcolor>White2</textcolor>
					<font>Details</font>
					<!--<label>filled in by code</label>-->
					<scroll>true</scroll>
				</control>
				<control type="label" description="Program start time" id="21">
					<posx>0</posx>
					<posy>40</posy>
					<width>1005</width>
					<height>36</height>
					<font>Details</font>
					<!--<label>filled in by code</label>-->
					<align>center</align>
					<aligny>center</aligny>
					<textcolor>White2</textcolor>
				</control>
				<control type="label" description="Program channel" id="22">
					<posx>0</posx>
					<posy>80</posy>
					<width>1005</width>
					<height>36</height>
					<font>Details</font>
					<!--<label>filled in by code</label>-->
					<align>center</align>
					<aligny>center</aligny>
					<textcolor>White2</textcolor>
				</control>
			</control>
			<control type="grouplist" description="spincontrols" id="23">
				<posx>396</posx>
				<posy>360</posy>
				<itemgap>0</itemgap>
				<width>1005</width>
				<height>900</height>
				<onup>9001</onup>
				<ondown>9001</ondown>

				<control type="spincontrolex" id="10">
					<description>Frequency</description>
					<label>$ADDON[pvr.mediaportal.tvserver 30101]</label>
					<onright>10</onright>
					<onleft>10</onleft>
				</control>

				<control type="spincontrolex" id="11">
					<description>Airtime</description>
					<label>$ADDON[pvr.mediaportal.tvserver 30102]</label>
					<onright>11</onright>
					<onleft>11</onleft>
				</control>

				<control type="spincontrolex" id="12">
					<description>Channels</description>
					<label>$ADDON[pvr.mediaportal.tvserver 30103]</label>
					<onright>12</onright>
					<onleft>12</onleft>
				</control>

				<control type="image" id="24">
					<description>Separator</description>
					<height>20</height>
					</control>

				<control type="spincontrolex" id="13">
					<description>Keep</description>
					<label>$ADDON[pvr.mediaportal.tvserver 30104]</label>
					<onright>13</onright>
					<onleft>13</onleft>
				</control>

				<control type="spincontrolex" id="14">
					<description>Record minutes before start</description>
					<label>$ADDON[pvr.mediaportal.tvserver 30105]</label>
					<onright>14</onright>
					<onleft>14</onleft>
				</control>

				<control type="spincontrolex" id="15">
					<description>Record minutes after end</description>
					<label>$ADDON[pvr.mediaportal.tvserver 30106]</label>
					<onright>15</onright>
					<onleft>15</onleft>
				</control>
			</control>

			<!-- Dialog Ok/Cancel buttons //-->
			<control type="grouplist" id="9001">
				<posx>590</posx>
				<posy>850</posy>
				<onup>15</onup>
				<ondown>10</ondown>
				<orientation>horizontal</orientation>
				<itemgap>0</itemgap>
				<control type="button" id="1">
					<description>Ok Button</description>
					<width>300</width>
					<label>186</label>
					<align>center</align>
					<aligny>center</aligny>
					<onleft>2</onleft>
					<onright>2</onright>
				</control>
				<control type="button" id="2">
				<description>Cancel Button</description>
					<width>300</width>
					<label>222</label>
					<align>center</align>
					<aligny>center</aligny>
					<onleft>1</onleft>
					<onright>1</onright>
				</control>
			</control>
		</control>
	</controls>
</window>
