<?xml version="1.0" encoding="UTF-8" standalone="yes"?>
<addon id="weather.openweathermap.extended" name="OpenWeatherMap Extended" version="5.0.2" provider-name="ronie">
	<requires>
		<import addon="xbmc.python" version="2.25.0"/>
		<import addon="script.openweathermap.maps" version="0.02.0"/>
	</requires>
	<extension point="xbmc.python.weather" library="default.py"/>
	<extension point="xbmc.addon.metadata">
		<summary lang="bg_BG">Синоптична прогноза от openweathermap.org</summary>
		<summary lang="cs_CZ">Předpověď počasí z openweathermap.org</summary>
		<summary lang="cy_GB">Rhagolygon y tywydd gan openweathermap.org</summary>
		<summary lang="de_DE">Wettervorhersage von openweathermap.org</summary>
		<summary lang="el_GR">Πρόγνωση καιρού από το openweathermap.org</summary>
		<summary lang="en_GB">Weather forecast from openweathermap.org</summary>
		<summary lang="en_NZ">Weather forecast from openweathermap.org</summary>
		<summary lang="en_US">Weather forecast from openweathermap.org</summary>
		<summary lang="es_ES">Predicción meteorológica de openweathermap.org</summary>
		<summary lang="fi_FI">Sääennuste openweathermap.org :sta</summary>
		<summary lang="fr_FR">Prévisions météo d'openweathermap.org</summary>
		<summary lang="fr_CA">Prévisions météorologiques de openweathermap.org</summary>
		<summary lang="gl_ES">Previsión meteorolóxica de openweathermap.org</summary>
		<summary lang="he_IL">תחזית מזג אויר מאת openweathermap.org</summary>
		<summary lang="hr_HR">Vremenska prognoza s openweathermap.org</summary>
		<summary lang="hu_HU">Időjárás előrejelzés az openweathermap.org oldalról</summary>
		<summary lang="is_IS">Veðurspá frá openweathermap.org</summary>
		<summary lang="it_IT">Previsioni meteo da openweathermap.org</summary>
		<summary lang="ko_KR">openweathermap.org 날씨 예보</summary>
		<summary lang="lt_LT">Orų prognozė iš openweathermap.org</summary>
		<summary lang="nl_NL">Weersvoorspelling van openweathermap.org</summary>
		<summary lang="pl_PL">Prognoza pogody z serwisu openweathermap.org</summary>
		<summary lang="pt_PT">Previsão meteorológica a partir de openweathermap.org</summary>
		<summary lang="pt_BR">Previsão do Clima por openweathermap.org</summary>
		<summary lang="ro_RO">Previziuni meteo de la openweathermap.org</summary>
		<summary lang="ru_RU">Прогноз погоды от openweathermap.org</summary>
		<summary lang="sl_SI">Vremenska napoved openweathermap.org</summary>
		<summary lang="sr_RS">Временска прогноза са openweathermap.org</summary>
		<summary lang="sv_SE">Väderprognos från openweathermap.org</summary>
		<summary lang="tr_TR">Hava durumu - openweathermap.org</summary>
		<description lang="bg_BG">Синоптична прогноза, предоставена от OpenWeatherMap (http://openweathermap.org/)</description>
		<description lang="cs_CZ">Předpověď počasí poskytnuta OpenWeatherMap (http://openweathermap.org/)</description>
		<description lang="de_DE">Wettervorhersage bereitgestellt durch OpenWeatherMap (http://openweathermap.org/)</description>
		<description lang="el_GR">Η πρόγνωση καιρού παρέχεται από το OpenWeatherMap (http://openweathermap.org/)</description>
		<description lang="en_GB">Weather forecast provided by OpenWeatherMap (http://openweathermap.org/)</description>
		<description lang="en_NZ">Weather forecast provided by OpenWeatherMap (http://openweathermap.org/)</description>
		<description lang="en_US">Weather forecast provided by OpenWeatherMap (http://openweathermap.org/)</description>
		<description lang="es_ES">Predicción meteorológica proporcionada por OpenWeatherMap (http://openweathermap.org/)</description>
		<description lang="fi_FI">Sääennusteen tarjoaa OpenWeatherMap (http://openweathermap.org/)</description>
		<description lang="fr_FR">Prévisions météo fournies par OpenWeatherMap (http://openweathermap.org/)</description>
		<description lang="fr_CA">Prévisions météorologiques fournies OpenWeatherMap (http://openweathermap.org/)</description>
		<description lang="gl_ES">Previsión meteorolóxica fornecida por OpenWeatherMap (http://openweathermap.org/)</description>
		<description lang="he_IL">תחזית מזג האויר מסופקת ע"י OpenWeatherMap (http://openweathermap.org/)</description>
		<description lang="hr_HR">Vremenska prognoza dostupna od strane OpenWeatherMap (http://openweathermap.org/)</description>
		<description lang="hu_HU">Az időjárás előrejelzést biztosítja az OpenWeatherMap (http://openweathermap.org/)</description>
		<description lang="is_IS">Veðurspá kemur frá OpenWeatherMap (http://openweathermap.org/)</description>
		<description lang="it_IT">Previsioni meteo fornite da OpenWeatherMap (http://openweathermap.org/)</description>
		<description lang="ko_KR">OpenWeatherMap (http://openweathermap.org/) 에서 제공하는 날씨 예보</description>
		<description lang="lt_LT">Orų prognozė pateikta OpenWeatherMap (http://openweathermap.org/)</description>
		<description lang="nl_NL">Weersvoorspelling voorzien door OpenWeatherMap (http://openweathermap.org/)</description>
		<description lang="pl_PL">Prognoza pogody dostarczana przez serwis OpenWeatherMap (http://openweathermap.org/)</description>
		<description lang="pt_PT">Previsão metereológica fornecida por OpenWeatherMap (http://openweathermap.org/)</description>
		<description lang="pt_BR">Previsão do Tempo provida por OpenWeatherMap&#10;(http://openweathermap.org/)</description>
		<description lang="ro_RO">Prognoză meteo oferită de OpenWeatherMap (http://openweathermap.org/)</description>
		<description lang="ru_RU">Прогноз погоды предоставлен OpenWeatherMap&#10;(http://openweathermap.org/)</description>
		<description lang="sl_SI">Vremensko napoved zagotavlja OpenWeatherMap (http://openweathermap.org/)</description>
		<description lang="sr_RS">Временску прогнозу омогућио OpenWeatherMap (http://openweathermap.org/)</description>
		<description lang="sv_SE">Väderprognos tillhandahållen av OpenWeatherMap (http://openweathermap.org/)</description>
		<description lang="tr_TR">OpenWeatherMap tarafından sağlana hava durumu tahmini (http://openweathermap.org/)</description>
		<language></language>
		<platform>all</platform>
		<license>GNU GENERAL PUBLIC LICENSE Version 2</license>
		<forum>http://forum.kodi.tv/showthread.php?tid=207110</forum>
		<website></website>
		<email></email>
		<source>https://gitlab.com/ronie/weather.openweathermap.extended/</source>
	</extension>
</addon>
