<window type="dialog">
	<defaultcontrol always="true">10</defaultcontrol>
	<coordinates>
		<system>1</system>
	</coordinates>
	<controls>
		<control type="group">
			<include>Animation_DialogPopup</include>
			<!-- Standard dialog background //-->
			<control type="image">
				<posx>110</posx>
				<posy>0</posy>
				<width>30</width>
				<height>720</height>
				<texture flipx="true">shadow.png</texture>
				<colordiffuse>C3FFFFFF</colordiffuse>
			</control>
			<control type="image">
				<posx>1140</posx>
				<posy>0</posy>
				<width>30</width>
				<height>720</height>
				<texture>shadow.png</texture>
				<colordiffuse>C3FFFFFF</colordiffuse>
			</control>
			<control type="image">
				<posx>140</posx>
				<posy>0</posy>
				<width>1000</width>
				<height>720</height>
				<texture>darkgrey.png</texture>
				<colordiffuse>$VAR[value_texturecolor]</colordiffuse>
				<include>Animation_DefaultGlass</include>
			</control>
			<control type="image">
				<posx>140</posx>
				<posy>0</posy>
				<width>1000</width>
				<height>80</height>
				<texture>black.png</texture>
				<colordiffuse>90FFFFFF</colordiffuse>
			</control>
			<!-- Heading label -->
			<control type="label">
				<description>header label</description>
				<posx>215</posx>
				<posy>23</posy>
				<width>852</width>
				<height>30</height>
				<font>Font_32</font>
				<label>$ADDON[pvr.mediaportal.tvserver 30100]</label>
				<textcolor>FFFFFAF0</textcolor>
				<align>center</align>
				<aligny>center</aligny>
				<include>Animation_Fade</include>
			</control>
			<control type="image">
				<posx>215</posx>
				<posy>130</posy>
				<width>825</width>
				<height>2</height>
				<align>left</align>
				<texture flipx="true">divider.png</texture>
			</control>

			<!-- Dialog specific controls //-->
			<control type="label" description="Program title" id="20">
				<posx>215</posx>
				<posy>90</posy>
				<width>852</width>
				<height>30</height>
				<align>center</align>
				<aligny>center</aligny>
				<textcolor>$VAR[value_headercolor]</textcolor>
				<font>Font_30</font>
				<!--<label>filled in by code</label>-->
				<scroll>true</scroll>
			</control>
			<control type="group">
				<posx>215</posx>
				<posy>143</posy>
				<control type="label" description="Program start time" id="21">
					<posx>0</posx>
					<posy>0</posy>
					<width>852</width>
					<height>25</height>
					<font>Font_19</font>
					<!--<label>filled in by code</label>-->
					<align>center</align>
					<aligny>center</aligny>
					<textcolor>FFFFFAF0</textcolor>
				</control>
				<control type="label" description="Program channel" id="22">
					<posx>0</posx>
					<posy>35</posy>
					<width>852</width>
					<height>25</height>
					<font>Font_19</font>
					<!--<label>filled in by code</label>-->
					<align>center</align>
					<aligny>center</aligny>
					<textcolor>FFFFFAF0</textcolor>
				</control>
			</control>
			<control type="image">
				<posx>215</posx>
				<posy>200</posy>
				<width>825</width>
				<height>2</height>
				<align>left</align>
				<texture flipx="true">divider.png</texture>
			</control>
			<control type="grouplist" description="spincontrols" id="23">
				<posx>140</posx>
				<posy>210</posy>
				<itemgap>0</itemgap>
				<width>1000</width>
				<height>290</height>
				<onup>9001</onup>
				<ondown>9001</ondown>

				<control type="spincontrolex" id="10">
					<description>Frequency</description>
					<label>$ADDON[pvr.mediaportal.tvserver 30101]</label>
					<onright>10</onright>
					<onleft>10</onleft>
				</control>

				<control type="spincontrolex" id="11">
					<description>Airtime</description>
					<label>$ADDON[pvr.mediaportal.tvserver 30102]</label>
					<onright>11</onright>
					<onleft>11</onleft>
				</control>

				<control type="spincontrolex" id="12">
					<description>Channels</description>
					<label>$ADDON[pvr.mediaportal.tvserver 30103]</label>
					<onright>12</onright>
					<onleft>12</onleft>
				</control>

				<control type="image" id="24">
					<description>Separator</description>
					<align>left</align>
					<texture flipx="true">divider.png</texture>
				</control>

				<control type="spincontrolex" id="13">
					<description>Keep</description>
					<label>$ADDON[pvr.mediaportal.tvserver 30104]</label>
					<onright>13</onright>
					<onleft>13</onleft>
				</control>

				<control type="spincontrolex" id="14">
					<description>Record minutes before start</description>
					<label>$ADDON[pvr.mediaportal.tvserver 30105]</label>
					<onright>14</onright>
					<onleft>14</onleft>
				</control>

				<control type="spincontrolex" id="15">
					<description>Record minutes after end</description>
					<label>$ADDON[pvr.mediaportal.tvserver 30106]</label>
					<onright>15</onright>
					<onleft>15</onleft>
				</control>
			</control>

			<!-- Dialog Ok/Cancel buttons //-->
			<control type="image">
				<posx>140</posx>
				<posy>600</posy>
				<height>40</height>
				<width>1000</width>
				<texture>black.png</texture>
				<colordiffuse>90FFFFFF</colordiffuse>
			</control>
			<control type="grouplist" id="9001">
				<posx>140</posx>
				<posy>600</posy>
				<onup>15</onup>
				<ondown>10</ondown>
				<orientation>horizontal</orientation>
				<itemgap>0</itemgap>
				<control type="button" id="1">
					<description>Ok Button</description>
					<width>500</width>
					<include>SettingsBottomButton</include>
					<label>186</label>
					<onleft>2</onleft>
					<onright>2</onright>
				</control>
				<control type="button" id="2">
				<description>Cancel Button</description>
					<width>500</width>
					<include>SettingsBottomButton</include>
					<label>222</label>
					<font>font12_title</font>
					<onleft>1</onleft>
					<onright>1</onright>
				</control>
			</control>
		</control>
	</controls>
</window>
